{"cameraMode":{"drawMode":0,"name":"Shaded","section":"Shading Mode"},"sceneLighting":true,"audioPlay":false,"sceneViewState":{"m_AlwaysRefresh":false,"showFog":true,"showSkybox":true,"showFlares":true,"showImageEffects":true,"showParticleSystems":true,"showVisualEffectGraphs":true,"m_FxEnabled":true},"in2DMode":false,"pivot":{"x":13.874518394470215,"y":2.5063018798828127,"z":10.956942558288575},"rotation":{"x":-0.16470277309417725,"y":0.22078467905521394,"z":-0.0378657728433609,"w":-0.9605956077575684},"size":1.8830714225769044,"orthographic":false}